<?xml version="1.0" encoding="UTF-8"?>
<project-private xmlns="http://www.netbeans.org/ns/project-private/1">
    <editor-bookmarks xmlns="http://www.netbeans.org/ns/editor-bookmarks/2" lastBookmarkId="0"/>
    <open-files xmlns="http://www.netbeans.org/ns/projectui-open-files/2">
        <group>
            <file>file:/home/artipee/NetBeansProjects/polRALabExerPDF2/src/polralabexerpdf2/polRALabExer206.java</file>
            <file>file:/home/artipee/NetBeansProjects/polRALabExerPDF2/src/polralabexerpdf2/polRALabExer210.java</file>
            <file>file:/home/artipee/NetBeansProjects/polRALabExerPDF2/src/polralabexerpdf2/polRALabExer204.java</file>
            <file>file:/home/artipee/NetBeansProjects/polRALabExerPDF2/src/polralabexerpdf2/polRALabExer207.java</file>
            <file>file:/home/artipee/NetBeansProjects/polRALabExerPDF2/src/polralabexerpdf2/polRALabExer208.java</file>
            <file>file:/home/artipee/NetBeansProjects/polRALabExerPDF2/src/polralabexerpdf2/polRALabExer203.java</file>
            <file>file:/home/artipee/NetBeansProjects/polRALabExerPDF2/src/polralabexerpdf2/polRALabExer202.java</file>
            <file>file:/home/artipee/NetBeansProjects/polRALabExerPDF2/src/polralabexerpdf2/polRALabExer211.java</file>
            <file>file:/home/artipee/NetBeansProjects/polRALabExerPDF2/src/polralabexerpdf2/polRALabExer201.java</file>
            <file>file:/home/artipee/NetBeansProjects/polRALabExerPDF2/src/polralabexerpdf2/polRALabExer205.java</file>
        </group>
    </open-files>
</project-private>
